id,_parent,Dur,levels,Missileart,Cost,BuffID,reqLevel,Rng,Missilespeed,race,EditorSuffix,HeroDur,targs,DataA,Cool,Animnames,hero,DataD,Buttonpos_1,Ubertip,EffectArt,Tip,Researchhotkey,CasterArt,DataC,TargetArt,DataE,Buttonpos_2,Researchtip,Art,Order,Researchubertip,ResearchArt,Name,Hotkey,DataF,Researchbuttonpos_1,Requires,item,DataB,Area,Requiresamount,UnitID,levelSkip,Cast,LightningEffect,Targetattach,UnButtonpos_2,UnButtonpos_1,
"A01U","AHtb",0.0,"1",#,"0",#,"2",50000.0,"0","nightelf","buff眩晕马甲",0.0,"ground,enemies,air,neutral",0.0,0.0,#,"0","","","","","","","","","","","","","","","","","","","","","","","","","","","","","","","","",
"A005","ANcl",,"4",,"{80,100,120,140,}",,,"{0.0,0.0,0.0,0.0,}",,"human","狂战士的怒吼",,,"{0.0,0.0,0.0,0.0,}","{16.0,14.0,12.0,10.0,}","spell",,"{0.0,0.0,0.0,0.0,}","0","{""激怒周围的敌方单位来攻击斧王，同时增加斧王40点护甲。|n|cffff0303无视魔法免疫|r|n|n|cff99ccff作用范围：|r500|n|cff99ccff持续时间：|r2秒|n|cff99ccff冷却时间：|r<A005:ANcl,Cool1>秒"",""激怒周围的敌方单位来攻击斧王，同时增加斧王40点护甲。|n|cffff0303无视魔法免疫|r|n|n|cff99ccff作用范围：|r500|n|cff99ccff持续时间：|r2.4秒|n|cff99ccff冷却时间：|r<A005:ANcl,Cool2>秒"",""激怒周围的敌方单位来攻击斧王，同时增加斧王40点护甲。|n|cffff0303无视魔法免疫|r|n|n|cff99ccff作用范围：|r500|n|cff99ccff持续时间：|r2.8秒|n|cff99ccff冷却时间：|r<A005:ANcl,Cool3>秒"",""激怒周围的敌方单位来攻击斧王，同时增加斧王40点护甲。|n|cffff0303无视魔法免疫|r|n|n|cff99ccff作用范围：|r500|n|cff99ccff持续时间：|r3.2秒|n|cff99ccff冷却时间：|r<A005:ANcl,Cool4>秒"",}",#,"{""狂战士的怒吼[|cffffcc00Q|r] - [|cffffcc00等级 1|r]"",""狂战士的怒吼[|cffffcc00Q|r] - [|cffffcc00等级 2|r]"",""狂战士的怒吼[|cffffcc00Q|r] - [|cffffcc00等级 3|r]"",""狂战士的怒吼[|cffffcc00Q|r] - [|cffffcc00等级 4|r]"",}","Q","Abilities\Spells\NightElf\BattleRoar\RoarCaster.mdl","{5,5,5,5,}",#,"{0,0,0,0,}","2","学习 狂战士的怒吼[|cffffcc00E|r] - [|cffffcc00等级 %d|r]","ReplaceableTextures\CommandButtons\fuwangQ.blp",#,"斧王激怒附近的敌人，让其不惜一切代价攻击斧王，同时增加斧王40点护甲。|n|n|cffffcc00等级 1|r - 持续2.0秒|n|cffffcc00等级 2|r - 持续2.4秒|n|cffffcc00等级 3|r - 持续2.8秒|n|cffffcc00等级 4|r - 持续3.2秒|n|n|cffff0303无视魔法免疫|r|n|n|cff99ccff作用范围：|r500|n|cff99ccff冷却时间：|r16/14/12/10|n|cff99ccff魔法消耗：|r80/100/120/140","ReplaceableTextures\CommandButtons\fuwangQ.blp","斧王","Q","{""ambush"",""ambush"",""ambush"",""ambush"",}","","","","","","","","","","","","","",
"A00A","Amgl",,"4",,,,"1",,,"human","亡灵之力",,,,,,"1",,"2","{[==[死灵法师使用死灵之力强化召唤亡灵的属性，|cff99ccff被动技能|r。
召唤的亡灵增加100最大生命值，10点伤害，2点护甲]==],[==[死灵法师使用死灵之力强化召唤亡灵的属性，|cff99ccff被动技能|r。
召唤的亡灵增加200最大生命值，20点伤害，4点护甲]==],[==[死灵法师使用死灵之力强化召唤亡灵的属性，|cff99ccff被动技能|r。
召唤的亡灵增加300最大生命值，30点伤害，6点护甲]==],[==[死灵法师使用死灵之力强化召唤亡灵的属性，|cff99ccff被动技能|r。
召唤的亡灵增加400最大生命值，40点伤害，8点护甲]==],}",,"{""亡灵之力[|cffffcc00E|r] - [|cffffcc00等级 1|r]"",""亡灵之力[|cffffcc00E|r] - [|cffffcc00等级 2|r]"",""亡灵之力[|cffffcc00E|r] - [|cffffcc00等级 3|r]"",""亡灵之力[|cffffcc00E|r] - [|cffffcc00等级 4|r]"",}","E",,,,,,"学习 亡灵之力[|cffffcc00E|r] - [|cffffcc00等级 %d|r]","ReplaceableTextures\CommandButtons\BTNSacrificialPit.blp",,"死灵法师使用死灵之力强化召唤亡灵的属性，|cff99ccff被动技能|r。
|cffffcc00等级 1|r - 召唤的亡灵增加100最大生命值，10点伤害，2点护甲
|cffffcc00等级 2|r - 召唤的亡灵增加200最大生命值，20点伤害，4点护甲
|cffffcc00等级 3|r - 召唤的亡灵增加300最大生命值，30点伤害，6点护甲
|cffffcc00等级 4|r - 召唤的亡灵增加400最大生命值，40点伤害，8点护甲","ReplaceableTextures\CommandButtons\BTNSacrificialPit.blp","死灵法师","E",,"2",#,"","","","","","","","","","","",
"A01F","Aamk",,"1",,,,,,,"other","三维",,,"0",,,"0",,,,,,,,"0",,,,,,,,,"属性系统",,,,,"1","0","","","","","","","","","",
"A01L","AIgx",,,,,,,,,,"生命值恢复（百分比）",,,0.0,,,,,,,,,,,,,,,,,,,,"属性系统",,,,,,,"","","","","","","","","",
"A006","ANcl",,"4",,"{100,150,200,250,}",,,"{800.0,800.0,800.0,800.0,}",,"human",,,,"{0.0,0.0,0.0,0.0,}",,,,"{0.0,0.0,0.0,0.0,}","0",,#,,,#,"{1,1,1,1,}",#,"{0,0,0,0,}","2",,,#,,"ReplaceableTextures\CommandButtons\BTNDeathPact.blp",,#,"{""ancestralspirittarget"",""ancestralspirittarget"",""ancestralspirittarget"",""ancestralspirittarget"",}",,,,,"","","","","","","","","",
"A01N","ANcl",,"1",,,,,50000.0,,,"buff心灵之火",,,0.0,,,"0",0.0,"0","buff心灵之火",#,"buff心灵之火",,#,"3",#,"0","2",,"ReplaceableTextures\CommandButtons\BTNInnerFireOff.blp",#,,"ReplaceableTextures\PassiveButtons\PASBTNFireRocks.blp","Test",#,"blight",,,,"2",500.0,"","","","","","","","",
"A01M","AIrm",,,,,,,,,,"每秒恢复魔法值",,,0.0,,,,,,,,,,,,,,,,,,,,"属性系统",,,,,,,,"","","","","","","","",
"A008","AHad","{0.0,0.0,0.0,0.0,}","4",,,"{""B000"",""B000"",""B000"",""B000"",}",,,,,"反击螺旋","{0.0,0.0,0.0,0.0,}","{""self"",""self"",""self"",""self"",}","{0.0,0.0,0.0,0.0,}",,,,,,"{[==[受到攻击时有20%的概率对周围的敌军单位造成100+英雄力量值×0.5点额外伤害。最多每0.5秒触发一次。
|n|cffff8000英雄攻击 普通伤害
|n|cff99ccff作用范围：|r500]==],[==[受到攻击时有20%的概率对周围的敌军单位造成150+英雄力量值×0.5点额外伤害。最多每0.5秒触发一次。
|n|cffff8000英雄攻击 普通伤害
|n|cff99ccff作用范围：|r500]==],[==[受到攻击时有20%的概率对周围的敌军单位造成200+英雄力量值×0.5点额外伤害。最多每0.5秒触发一次。
|n|cffff8000英雄攻击 普通伤害
|n|cff99ccff作用范围：|r500]==],[==[受到攻击时有20%的概率对周围的敌军单位造成250+英雄力量值×0.5点额外伤害。最多每0.5秒触发一次。
|n|cffff8000英雄攻击 普通伤害
|n|cff99ccff作用范围：|r500]==],}",,"{""反击螺旋[|cffffcc00E|r] - [|cffffcc00等级 1|r]"",""反击螺旋[|cffffcc00E|r] - [|cffffcc00等级 2|r]"",""反击螺旋[|cffffcc00E|r] - [|cffffcc00等级 3|r]"",""反击螺旋[|cffffcc00E|r] - [|cffffcc00等级 4|r]"",}","E",,,#,,,"学习 反击螺旋[|cffffcc00E|r] - [|cffffcc00等级 %d|r]","ReplaceableTextures\CommandButtons\BTNStaffOfSanctuary.blp",,"在受到攻击时，斧王有20%的概率反手一击，对附近所有敌方单位造成伤害。
|n|cffffcc00等级 1|r - 反击螺旋造成100+0.5×英雄力量值伤害伤害，有0.5秒的间隔时间
|cffffcc00等级 2|r - 反击螺旋造成150+0.5×英雄力量值伤害，有0.5秒的间隔时间
|cffffcc00等级 3|r - 反击螺旋造成200+0.5×英雄力量值伤害，有0.5秒的间隔时间
|cffffcc00等级 4|r - 反击螺旋造成250+0.5×英雄力量值伤害，有0.5秒的间隔时间
|n|cffff8000英雄攻击 普通伤害
|n|cff99ccff作用范围：|r500","ReplaceableTextures\CommandButtons\BTNStaffOfSanctuary.blp","斧王","E",,,,,,"{0.0,0.0,0.0,0.0,}",,,,,,#,,,
"A01V","ANcl",,"1",,,,,50000.0,,,"buff心灵之火加强",,,0.0,,,"0",0.0,"0","buff心灵之火加强",#,"buff心灵之火加强",,#,"3",#,"0","2",,"ReplaceableTextures\CommandButtons\BTNBloodLustOn.blp",#,,"ReplaceableTextures\PassiveButtons\PASBTNFireRocks.blp","Test",#,"bloodlustoff",,,,"2",500.0,,,,,,"","","",
"A00Q","Ahwd","{15.0,15.0,15.0,15.0,}","4",,"{80,100,120,140,}","{""Bhwd"",""Bhwd"",""Bhwd"",""Bhwd"",}",,"{500.0,500.0,500.0,500.0,}",,"human","治疗守卫","{15.0,15.0,15.0,15.0,}",,,"{60.0,60.0,60.0,60.0,}",,"1",,"1","{""创造一个治疗守卫，回复附近友方非机械单位1%/秒的生命。|n|cff99ccff作用范围：|r500|n|cff99ccff持续时间：|r15|n|cff99ccff冷却时间：|r60|n|cff99ccff魔法消耗：|r80"",""创造一个治疗守卫，回复附近友方非机械单位2%/秒的生命。|n|cff99ccff作用范围：|r500|n|cff99ccff持续时间：|r15|n|cff99ccff冷却时间：|r60|n|cff99ccff魔法消耗：|r100"",""创造一个治疗守卫，回复附近友方非机械单位3%/秒的生命。|n|cff99ccff作用范围：|r500|n|cff99ccff持续时间：|r15|n|cff99ccff冷却时间：|r60|n|cff99ccff魔法消耗：|r120"",""创造一个治疗守卫，回复附近友方非机械单位4%/秒的生命。|n|cff99ccff作用范围：|r500|n|cff99ccff持续时间：|r15|n|cff99ccff冷却时间：|r60|n|cff99ccff魔法消耗：|r140"",}",,"{""治疗守卫[|cffffcc00W|r] - [|cffffcc00等级 1|r]"",""治疗守卫[|cffffcc00W|r] - [|cffffcc00等级 2|r]"",""治疗守卫[|cffffcc00W|r] - [|cffffcc00等级 3|r]"",""治疗守卫[|cffffcc00W|r] - [|cffffcc00等级 4|r]"",}","W",,,,,,"学习 治疗守卫[|cffffcc00W|r] - [|cffffcc00等级 %d|r]",,,"创造一个治疗守卫，回复附近友方非机械单位的生命。|n|cffffcc00等级 1|r - 回复1%/秒的生命|n|cffffcc00等级 2|r - 回复2%/秒的生命|n|cffffcc00等级 3|r - 回复3%/秒的生命|n|cffffcc00等级 4|r - 回复4%/秒的生命|n|cff99ccff作用范围：|r500|n|cff99ccff持续时间：|r15|n|cff99ccff冷却时间：|r60|n|cff99ccff魔法消耗：|r80/100/120/140","ReplaceableTextures\CommandButtons\BTNHealingWard.blp","主宰","W",,"1",#,,,,#,"{""o007"",""o008"",""o009"",""o004"",}","","","","","","",
"A012","Amgl",,"4",,,,"1",,,"human","荒芜",,,,,,"1",,,"{""复仇天神攻击时有几率释放黑暗能量，对附加敌人造成伤害。|n攻击时13%/16%/19%/22%造成|cffff00ff[50/100/150/200+全属性×0.3]|r点范围伤害|n|cff99ccff作用范围：|r500"",""复仇天神攻击时有几率释放黑暗能量，对附加敌人造成伤害。|n攻击时13%/16%/19%/22%造成|cffff00ff[50/100/150/200+全属性×0.3]|r点范围伤害|n|cff99ccff作用范围：|r500"",""复仇天神攻击时有几率释放黑暗能量，对附加敌人造成伤害。|n攻击时13%/16%/19%/22%造成|cffff00ff[50/100/150/200+全属性×0.3]|r点范围伤害|n|cff99ccff作用范围：|r500"",""复仇天神攻击时有几率释放黑暗能量，对附加敌人造成伤害。|n攻击时13%/16%/19%/22%造成|cffff00ff[50/100/150/200+全属性×0.3]|r点范围伤害|n|cff99ccff作用范围：|r500"",}",,"{""荒芜[|cffffcc00W|r] - [|cffffcc00等级 1|r]"",""荒芜[|cffffcc00W|r] - [|cffffcc00等级 2|r]"",""荒芜[|cffffcc00W|r] - [|cffffcc00等级 3|r]"",""荒芜[|cffffcc00W|r] - [|cffffcc00等级 4|r]"",}","W",,,,,,"学习 荒芜[|cffffcc00W|r] - [|cffffcc00等级 %d|r]","ReplaceableTextures\CommandButtons\youguiW.blp",,"复仇天神攻击时有几率释放黑暗能量，对附加敌人造成伤害。|n|cffffcc00等级 1|r - 攻击时13%造成|cffff00ff[50+全属性×0.3]|r点范围伤害|n|cffffcc00等级 2|r - 攻击时16%造成|cffff00ff[100+全属性×0.3]|r点范围伤害|n|cffffcc00等级 3|r - 攻击时19%造成|cffff00ff[150+全属性×0.3]|r点范围伤害|n|cffffcc00等级 4|r - 攻击时22%造成|cffff00ff[200+全属性×0.3]|r点范围伤害|n|cff99ccff作用范围：|r500","ReplaceableTextures\CommandButtons\youguiW.blp","复仇天神","W",,"1",#,,,,,,"","","","","","",
"A013","Amgl",,"4",,,,"1",,,"human","虚无",,,,,,"1",,"2","{""复仇天神变得虚无，有概率免疫物理伤害。|n被攻击时有16%/19%/22%/25%的概率免疫物理伤害"",""复仇天神变得虚无，有概率免疫物理伤害。|n被攻击时有16%/19%/22%/25%的概率免疫物理伤害"",""复仇天神变得虚无，有概率免疫物理伤害。|n被攻击时有16%/19%/22%/25%的概率免疫物理伤害"",""复仇天神变得虚无，有概率免疫物理伤害。|n被攻击时有16%/19%/22%/25%的概率免疫物理伤害"",}",,"{""虚无[|cffffcc00E|r] - [|cffffcc00等级 1|r]"",""虚无[|cffffcc00E|r] - [|cffffcc00等级 2|r]"",""虚无[|cffffcc00E|r] - [|cffffcc00等级 3|r]"",""虚无[|cffffcc00E|r] - [|cffffcc00等级 4|r]"",}","E",,,,,,"学习 虚无[|cffffcc00E|r] - [|cffffcc00等级 %d|r]","ReplaceableTextures\PassiveButtons\PASBTNGenericSpellImmunity.blp",,"复仇天神变得虚无，有概率免疫物理伤害。|n|cffffcc00等级 1|r - 被攻击时有16%的概率免疫物理伤害|n|cffffcc00等级 2|r - 被攻击时有19%的概率免疫物理伤害|n|cffffcc00等级 3|r - 被攻击时有22%的概率免疫物理伤害|n|cffffcc00等级 4|r - 被攻击时有25%的概率免疫物理伤害","ReplaceableTextures\PassiveButtons\PASBTNGenericSpellImmunity.blp","复仇天神","E",,"2",#,,,,,,,,,,,,
"A00C","ANcl",,,,"{200,300,400,}",,"6",,,"human","操纵死尸",,,"{0.0,0.0,0.0,}","{40.0,35.0,30.0,}",,,"{0.0,0.0,0.0,}","3","{[==[死灵法师复活至多6个附近的尸体。
|cff99ccff被动：|r死灵法师所有的召唤物死亡时都会爆炸，对附近敌人造成200+智力×2点伤害
|cff99ccff爆炸范围：|r500
|cff99ccff冷却时间：|r40
|cff99ccff魔法消耗：|r200]==],[==[死灵法师复活至多6个附近的尸体。
|cff99ccff被动：|r死灵法师所有的召唤物死亡时都会爆炸，对附近敌人造成300+智力×2点伤害
|cff99ccff爆炸范围：|r500
|cff99ccff冷却时间：|r35
|cff99ccff魔法消耗：|r300]==],[==[死灵法师复活至多6个附近的尸体。
|cff99ccff被动：|r死灵法师所有的召唤物死亡时都会爆炸，对附近敌人造成400+智力×2点伤害
|cff99ccff爆炸范围：|r500
|cff99ccff冷却时间：|r30
|cff99ccff魔法消耗：|r400]==],}",#,"{""操纵死尸[|cffffcc00R|r] - [|cffffcc00等级 1|r]"",""操纵死尸[|cffffcc00R|r] - [|cffffcc00等级 2|r]"",""操纵死尸[|cffffcc00R|r] - [|cffffcc00等级 3|r]"",}","R",#,"{1,1,1,}",#,"{0,0,0,}","2","学习 操纵死尸[|cffffcc00R|r] - [|cffffcc00等级 %d|r]","ReplaceableTextures\CommandButtons\BTNAnimateDead.blp",#,"死灵法师复活至多6个附近的尸体。
|cff99ccff被动：|r死灵法师所有的召唤物死亡时都会爆炸，对附近敌人造成伤害。
|cffffcc00等级 1|r - 200+智力×2点伤害
|cffffcc00等级 2|r - 300+智力×2点伤害
|cffffcc00等级 3|r - 400+智力×2点伤害
|cff99ccff爆炸范围：|r500
|cff99ccff冷却时间：|r40/35/30
|cff99ccff魔法消耗：|r200/300/400","ReplaceableTextures\CommandButtons\BTNAnimateDead.blp","死灵法师","R","{""antimagicshell"",""antimagicshell"",""antimagicshell"",}","3",,,,,,,"5","","","","","",
"A00Z","AEfk",,"1",,"0",,,,,"human","马甲，刀扇",,"ground,enemies,air,neutral",0.0,1.0,,"0",,,,,,,,,,,,,,,,,"复仇天神",,,,,,,800.0,,,,"","","","","",
"A00L","AHtb","{1.0,1.25,1.5,1.75,}","4",,"{0,0,0,0,}",,,"{10000.0,10000.0,10000.0,10000.0,}",999999,,"马甲，崎岖外表","{1.0,1.25,1.5,1.75,}","{""notself,ground,air,organic"",""notself,ground,air,organic"",""notself,ground,air,organic"",""notself,ground,air,organic"",}","{0.0,0.0,0.0,0.0,}","{0.0,0.0,0.0,0.0,}",,"0",,,"{"""","""","""","""",}",,"{"""","""","""","""",}",,,,,,,,,,,,"小小",,,,,,,,,,,"","","","","",
"A01O","Aspb",,,,,,,,,"creeps","buff",,,"A01C,A01D,A01E,A01N,A01R,A01S,A01Q,A01V",,,,11,,,,,,,"1",,,,,,,,,"Test魔法书",,,,,"0","0",,,,,"","","","","",
"A00W","AOww","{7.0,7.0,7.0,7.0,}","4",,"{110,110,110,110,}",,"1",,,"human","剑刃风暴","{7.0,7.0,7.0,7.0,}",,"{0.0,0.0,0.0,0.0,}","{26.0,24.0,22.0,20.0,}",,,,"0","{""主宰舞起剑刃风暴，对周围的敌方单位造成|cff00ff00[35+敏捷×0.5]/每秒|r点伤害。主宰此时对魔法免疫。|n|cffff8800英雄攻击  普通伤害|r|n|cff99ccff持续时间：|r7|n|cff99ccff作用范围：|r500|n|cff99ccff冷却时间：|r26|n|cff99ccff魔法消耗：|r110"",""主宰舞起剑刃风暴，对周围的敌方单位造成|cff00ff00[70+敏捷×0.5]/每秒|r点伤害。主宰此时对魔法免疫。|n|cffff8800英雄攻击  普通伤害|r|n|cff99ccff持续时间：|r7|n|cff99ccff作用范围：|r500|n|cff99ccff冷却时间：|r24|n|cff99ccff魔法消耗：|r110"",""主宰舞起剑刃风暴，对周围的敌方单位造成|cff00ff00[105+敏捷×0.5]/每秒|r点伤害。主宰此时对魔法免疫。|n|cffff8800英雄攻击  普通伤害|r|n|cff99ccff持续时间：|r7|n|cff99ccff作用范围：|r500|n|cff99ccff冷却时间：|r22|n|cff99ccff魔法消耗：|r110"",""主宰舞起剑刃风暴，对周围的敌方单位造成|cff00ff00[140+敏捷×0.5]/每秒|r点伤害。主宰此时对魔法免疫。|n|cffff8800英雄攻击  普通伤害|r|n|cff99ccff持续时间：|r7|n|cff99ccff作用范围：|r500|n|cff99ccff冷却时间：|r20|n|cff99ccff魔法消耗：|r110"",}",,"{""剑刃风暴[|cffffcc00Q|r] - [|cffffcc00等级 1|r]"",""剑刃风暴[|cffffcc00Q|r] - [|cffffcc00等级 2|r]"",""剑刃风暴[|cffffcc00Q|r] - [|cffffcc00等级 3|r]"",""剑刃风暴[|cffffcc00Q|r] - [|cffffcc00等级 4|r]"",}","Q",,,,,,"学习 剑刃风暴[|cffffcc00Q|r] - [|cffffcc00等级 %d|r]",,,"主宰舞起剑刃风暴，对周围的敌方单位造成伤害。主宰此时对魔法免疫。|n|cffff8800英雄攻击  普通伤害|r|n|cffffcc00等级 1|r - 造成|cff00ff00[35+敏捷×0.5]/每秒|r点伤害|n|cffffcc00等级 2|r - 造成|cff00ff00[70+敏捷×0.5]/每秒|r点伤害|n|cffffcc00等级 3|r - 造成|cff00ff00[105+敏捷×0.5]/每秒|r点伤害|n|cffffcc00等级 4|r - 造成|cff00ff00[140+敏捷×0.5]/每秒|r点伤害|n|cff99ccff持续时间：|r7|n|cff99ccff作用范围：|r500|n|cff99ccff冷却时间：|r26/24/22/20|n|cff99ccff魔法消耗：|r110",,"主宰","Q",,"0",,,,"{500.0,500.0,500.0,500.0,}",,,,"","","","","",
"A01H","Arel",,,,,,,,,,"每秒恢复",,,"0",,,,,,,,,,,,,,,,,,,,"属性系统",,,,,,,,,,,"","","","","",
"A00R","Aoar",,,,,,,,,"nightelf","主宰等级4",,"ground,vulnerable,air,invulnerable,friend,organic",0.04,,,,,,,,,,,,,,,,,,,,,,,,,,,,,,,,,,,,
"A00K","AOae",,,,,"{""B002"",""B002"",""B002"",}","6",,,"human","长大！",,"{""self"",""self"",""self"",}","{0.0,0.0,0.0,}",,,,,"3","{""增加山岭巨人60点攻击力，降低20%的攻击速度"",""增加山岭巨人120点攻击力，降低25%的攻击速度"",""增加山岭巨人180点攻击力，降低30%的攻击速度"",}",,"{""长大！[|cffffcc00R|r] - [|cffffcc00等级 1|r]"",""长大！[|cffffcc00R|r] - [|cffffcc00等级 2|r]"",""长大！[|cffffcc00R|r] - [|cffffcc00等级 3|r]"",}",,,,#,,,"学习 长大！[|cffffcc00R|r] - [|cffffcc00等级 %d|r]","ReplaceableTextures\CommandButtons\xiaoxiaoR.blp",,"大幅提升山岭巨人的体型和攻击力，但是攻击速度降低了|n|cffffcc00等级 1|r - 增加60点攻击力，降低20%的攻击速度|n|cffffcc00等级 2|r - 增加120点攻击力，降低25%的攻击速度|n|cffffcc00等级 3|r - 增加180点攻击力，降低30%的攻击速度","ReplaceableTextures\CommandButtons\xiaoxiaoR.blp","小小",,,"3",,,"{-0.2,-0.25,-0.3,}","{1.0,1.0,1.0,}",,,"5","","","","","",
"A00Y","AEsh","{3.1,3.1,3.1,}",,,"{0,0,0,}",,,"{10000.0,10000.0,10000.0,}",,"human","马甲，毒镖","{3.1,3.1,3.1,}",,"{15.0,30.0,45.0,}","{1.0,1.0,1.0,}",,"0",,,,,,,,"{0.2,0.2,0.2,}",,"{0.0,0.0,0.0,}",,,,,,,"复仇天神",,,,,,"{0.2,0.2,0.2,}",,,,,"{1.0,1.0,1.0,}","","","","",
"A00B","ANcl",,"4",,"{125,145,165,185,}",,,,,"human","死亡脉冲",,,"{0.0,0.0,0.0,0.0,}","{8.0,8.0,8.0,8.0,}",,,"{0.0,0.0,0.0,0.0,}","0","{[==[死灵法师释放出一道死亡脉冲，对周围单位造成100+智力×0.5点伤害/回复。
|cff99ccff作用范围：|r500
|cff99ccff冷却时间：|r8
|cff99ccff魔法消耗：|r125]==],[==[死灵法师释放出一道死亡脉冲，对周围单位造成200+智力×0.5点伤害/回复。
|cff99ccff作用范围：|r500
|cff99ccff冷却时间：|r8
|cff99ccff魔法消耗：|r145]==],[==[死灵法师释放出一道死亡脉冲，对周围单位造成300+智力×0.5点伤害/回复。
|cff99ccff作用范围：|r500
|cff99ccff冷却时间：|r8
|cff99ccff魔法消耗：|r165]==],[==[死灵法师释放出一道死亡脉冲，对周围单位造成400+智力×0.5点伤害/回复。
|cff99ccff作用范围：|r500
|cff99ccff冷却时间：|r8
|cff99ccff魔法消耗：|r185]==],}",#,"{""死亡脉冲[|cffffcc00Q|r] - [|cffffcc00等级 1|r]"",""死亡脉冲[|cffffcc00Q|r] - [|cffffcc00等级 2|r]"",""死亡脉冲[|cffffcc00Q|r] - [|cffffcc00等级 3|r]"",""死亡脉冲[|cffffcc00Q|r] - [|cffffcc00等级 4|r]"",}","Q",#,"{1,1,1,1,}",#,"{0,0,0,0,}","2","学习 死亡脉冲[|cffffcc00Q|r] - [|cffffcc00等级 %d|r]","ReplaceableTextures\CommandButtons\silingQ.blp",#,"|cffffcc00等级 1|r - 100+智力×0.5点伤害/回复
|cffffcc00等级 2|r - 200+智力×0.5点伤害/回复
|cffffcc00等级 3|r - 300+智力×0.5点伤害/回复
|cffffcc00等级 4|r - 400+智力×0.5点伤害/回复
|cff99ccff作用范围：|r500
|cff99ccff冷却时间：|r8
|cff99ccff魔法消耗：|r125/145/165/185","ReplaceableTextures\CommandButtons\silingQ.blp","死灵法师","Q","{""animatedead"",""animatedead"",""animatedead"",""animatedead"",}",,,,,"{500.0,500.0,500.0,500.0,}",,,,,"","","","",
"A00J","AUts",,"4",,,,,,,"human","崎岖外表",,,"{0.0,0.0,0.0,0.0,}",,,,,"2","{""山岭巨人的身体由坚硬的花岗岩组成，在其附近300范围内的单位对其进行攻击有10%的概率被眩晕1.00秒并受到|cffff9900[30+力量×0.5]|r点伤害，同时被动增加山岭巨人4点护甲"",""山岭巨人的身体由坚硬的花岗岩组成，在其附近300范围内的单位对其进行攻击有15%的概率被眩晕1.25秒并受到|cffff9900[60+力量×0.5]|r点伤害，同时被动增加山岭巨人8点护甲"",""山岭巨人的身体由坚硬的花岗岩组成，在其附近300范围内的单位对其进行攻击有20%的概率被眩晕1.50秒并受到|cffff9900[90+力量×0.5]|r点伤害，同时被动增加山岭巨人12点护甲"",""山岭巨人的身体由坚硬的花岗岩组成，在其附近300范围内的单位对其进行攻击有25%的概率被眩晕1.75秒并受到|cffff9900[120+力量×0.5]|r点伤害，同时被动增加山岭巨人16点护甲"",}",,"{""崎岖外表[|cffffcc00E|r] - [|cffffcc00等级 1|r]"",""崎岖外表[|cffffcc00E|r] - [|cffffcc00等级 2|r]"",""崎岖外表[|cffffcc00E|r] - [|cffffcc00等级 3|r]"",""崎岖外表[|cffffcc00E|r] - [|cffffcc00等级 4|r]"",}","E",,"{4.0,8.0,12.0,16.0,}",,,,"学习 崎岖外表[|cffffcc00E|r] - [|cffffcc00等级 %d|r]","ReplaceableTextures\PassiveButtons\PASBTNResistantSkin.blp",,"山岭巨人的身体由坚硬的花岗岩组成，在其附近300范围内的单位对其进行攻击都有可能受到伤害，并被晕眩。|n|cffffcc00等级 1|r - 有10%的概率被眩晕1.00秒并受到|cffff9900[30+力量×0.5]|r点伤害，同时被动增加山岭巨人4点护甲|n|cffffcc00等级 2|r - 有15%的概率被眩晕1.25秒并受到|cffff9900[60+力量×0.5]|r点伤害，同时被动增加山岭巨人8点护甲|n|cffffcc00等级 3|r - 有20%的概率被眩晕1.50秒并受到|cffff9900[90+力量×0.5]|r点伤害，同时被动增加山岭巨人12点护甲|n|cffffcc00等级 4|r - 有25%的概率被眩晕1.75秒并受到|cffff9900[120+力量×0.5]|r点伤害，同时被动增加山岭巨人16点护甲","ReplaceableTextures\PassiveButtons\PASBTNResistantSkin.blp","小小","E",,"2",,,,,,,,,,,"0","0",
"A00S","ACmi",,,,,,,,,"nightelf","1",,,,,,,,,,,,,,,,,,,,,,,,,,,,,,,,,,,,"","","",
"A004","Amgl",,,,,,,,,"orc","区分",,,,,,,,"0","BOSS",,"BOSS",,,,,,-11,,"ReplaceableTextures\CommandButtons\BTNMannoroth.blp",,,,"BOSS",,,,#,,,,,,,,,"","","",
"A011","Amgl",,"4",,,,,,,"unknown",,,,,,,"1",,"0",,,,,,,,,,,,,,,,,,,#,,,,,,,,,"","","",
"A00F","ANcs",,"4","Abilities\Spells\Orc\EarthQuake\EarthQuakeTarget.mdl","{0,0,0,0,}",,,"{2000.0,2000.0,2000.0,2000.0,}",,"human","马甲，山崩",,"{""ground,enemies,air,neutral"",""ground,enemies,air,neutral"",""ground,enemies,air,neutral"",""ground,enemies,air,neutral"",}","{0.0,0.0,0.0,0.0,}","{1.0,1.0,1.0,1.0,}",,"0","{99999.0,99999.0,99999.0,99999.0,}",,"{"""","""","""","""",}",,"{"""","""","""","""",}",,,"{24,24,24,24,}",,"{0.0,0.0,0.0,0.0,}",,,,,,,"小小",,"{1.0,1.0,1.0,1.0,}",,,,"{1.0,1.0,1.0,1.0,}","{500.0,500.0,500.0,500.0,}",,,,,,"","","",
"A017","ANcl",,"4",,"{150,150,150,150,}",,,"{0.0,0.0,0.0,0.0,}",,"human","半人马秘术",,,"{0.0,0.0,0.0,0.0,}","{160.0,155.0,150.0,145.0,}",,,"{0.0,0.0,0.0,0.0,}","1","{""施展半人马秘术，迅速恢复生命值|n每秒恢复|cff00ff0015/30/45/60+3/4/5/6%|r的生命值|n|cff99ccff持续时间：|r10秒|n|cff99ccff冷却时间：|r160/155/150/145秒|n|cff99ccff魔法消耗：|r150"",""施展半人马秘术，迅速恢复生命值|n每秒恢复|cff00ff0015/30/45/60+3/4/5/6%|r的生命值|n|cff99ccff持续时间：|r10秒|n|cff99ccff冷却时间：|r160/155/150/145秒|n|cff99ccff魔法消耗：|r150"",""施展半人马秘术，迅速恢复生命值|n每秒恢复|cff00ff0015/30/45/60+3/4/5/6%|r的生命值|n|cff99ccff持续时间：|r10秒|n|cff99ccff冷却时间：|r160/155/150/145秒|n|cff99ccff魔法消耗：|r150"",""施展半人马秘术，迅速恢复生命值|n每秒恢复|cff00ff0015/30/45/60+3/4/5/6%|r的生命值|n|cff99ccff持续时间：|r10秒|n|cff99ccff冷却时间：|r160/155/150/145秒|n|cff99ccff魔法消耗：|r150"",}",#,"{""半人马秘术[|cffffcc00W|r] - [|cffffcc00等级 1|r]"",""半人马秘术[|cffffcc00W|r] - [|cffffcc00等级 2|r]"",""半人马秘术[|cffffcc00W|r] - [|cffffcc00等级 3|r]"",""半人马秘术[|cffffcc00W|r] - [|cffffcc00等级 4|r]"",}","W",#,"{1,1,1,1,}",#,"{0,0,0,0,}","2","学习 半人马秘术[|cffffcc00W|r] - [|cffffcc00等级 %d|r]","ReplaceableTextures\CommandButtons\BTNRejuvenation.blp",#,"施展半人马秘术，迅速恢复生命值|n|cffffcc00等级 1|r - 每秒恢复|cff00ff0015+3%|r的生命值|n|cffffcc00等级 2|r - 每秒恢复|cff00ff0030+4%|r的生命值|n|cffffcc00等级 3|r - 每秒恢复|cff00ff0045+5%|r的生命值|n|cffffcc00等级 4|r - 每秒恢复|cff00ff0060+6%|r的生命值|n|cff99ccff持续时间：|r10秒|n|cff99ccff冷却时间：|r160/155/150/145秒|n|cff99ccff魔法消耗：|r150","ReplaceableTextures\CommandButtons\BTNRejuvenation.blp","半人马酋长","W","{""ancestralspirittarget"",""ancestralspirittarget"",""ancestralspirittarget"",""ancestralspirittarget"",}","1",,,,,,,,,,"","","",
"A002","ANtm",,,,"0",,"1",2000.0,2000,,,,"notself,ground,mechanical,structure,vulnerable,air,ward,invulnerable,organic,self",,0.0,,,,,,,,,,100,,,,,,,,,,,,,,,,,,,,,,"","","",
"A01D","ANcl",,"1",,,,,50000.0,,,"buff冰冻",,,0.0,,,"0",0.0,"0","buff冰冻",#,"buff冰冻",,#,"3",#,"0","2",,"ReplaceableTextures\PassiveButtons\PASBTNFreezingBreath.blp",#,,"ReplaceableTextures\PassiveButtons\PASBTNFreezingBreath.blp","Test",#,"blackarrowoff",,,,"2",500.0,,,,,,"","","",
"A007","ANcl",,,,"{150,300,450,}",,"6","{1000.0,1000.0,1000.0,}",,"human","横贯四方",,,"{0.0,0.0,0.0,}","{70.0,60.0,50.0,}","Attack Walk Stand Spin",,"{0.0,0.0,0.0,}","3","{[==[斧王横扫四方，对1000范围内敌人造成3次范围伤害。
|n|cff99ccff伤害：|r500+5×力量值
|cff99ccff作用范围：|r1000
|cff99ccff冷却时间：|r70秒
|cff99ccff魔法消耗：|r150]==],[==[斧王横扫四方，对1000范围内敌人造成3次范围伤害。
|n|cff99ccff伤害：|r1000+5×力量值
|cff99ccff作用范围：|r1000
|cff99ccff冷却时间：|r60秒
|cff99ccff魔法消耗：|r300]==],[==[斧王横扫四方，对1000范围内敌人造成3次范围伤害。
|n|cff99ccff伤害：|r1500+5×力量值
|cff99ccff作用范围：|r1000
|cff99ccff冷却时间：|r50秒
|cff99ccff魔法消耗：|r450]==],}",#,"{""横贯四方[|cffffcc00R|r] - [|cffffcc00等级 1|r]"",""横贯四方[|cffffcc00R|r] - [|cffffcc00等级 2|r]"",""横贯四方[|cffffcc00R|r] - [|cffffcc00等级 3|r]"",}","R",#,"{3,3,3,}",#,"{0,0,0,}","2","学习 横贯四方[|cffffcc00R|r] - [|cffffcc00等级 %d|r]","ReplaceableTextures\CommandButtons\BTNShockWave.blp",#,"斧王横扫四方，对1000范围内敌人造成3次范围伤害。
|cffffcc00等级 1|r - 总共造成500+5×力量值伤害
|cffffcc00等级 2|r - 总共造成1000+5×力量值伤害
|cffffcc00等级 3|r - 总共造成1500+5×力量值伤害
|n|cff99ccff作用范围：|r1000
|cff99ccff冷却时间：|r70/60/50
|cff99ccff魔法消耗：|r150/300/450","ReplaceableTextures\CommandButtons\BTNShockWave.blp","斧王","R","{""ancestralspirit"",""ancestralspirit"",""ancestralspirit"",}","3",,,"{2,2,2,}","{1000.0,1000.0,1000.0,}",,,"5",,,"","","",
"A00D","AEbl",,"1",,"0",,,,,,"测试技能",,,50000.0,1.0,,"0",,,,,,,,,,,,"全图瞬移",,,"全图瞬移",,"全图瞬移",,,,,,,,,,,,,"","","",
"A00T","Aoar",,,,,,,,,"nightelf","主宰等级1",,"ground,vulnerable,air,invulnerable,friend,organic",0.01,,,,,,,,,,,,,,,,,,,,,,,,,,,,,,,,,"","","",
"A01Q","ANcl",,"1",,,,,50000.0,,,"buff眩晕",,,0.0,,,"0",0.0,"0","buff眩晕",#,"buff眩晕",,#,"3",#,"0","2",,"ReplaceableTextures\CommandButtons\BTNStun.blp",#,,"ReplaceableTextures\PassiveButtons\PASBTNFireRocks.blp","Test",#,"bloodlust",,,,"2",500.0,,,,,,"","","",
"A01E","ANcl",,"1",,,,,50000.0,,,"buff毒药",,,0.0,,,"0",0.0,"0","buff毒药",#,"buff毒药",,#,"3",#,"0","2",,"ReplaceableTextures\PassiveButtons\PASBTNEnvenomedSpear.blp",#,,"ReplaceableTextures\PassiveButtons\PASBTNFireRocks.blp","Test",#,"blackarrow",,,,"2",500.0,,,,,,"","","",
"A009","ANcl",,"4",,"{100,150,200,250,}",,,,,"human","召唤亡灵",,,"{0.0,0.0,0.0,0.0,}","{36.0,34.0,32.0,30.0,}",,,"{0.0,0.0,0.0,0.0,}","1","{[==[死灵法师使用黑暗仪式在深渊召唤数个亡灵。
|n|cff99ccff召唤亡灵数量：|r2-4个
|cff99ccff持续时间：|r50
|cff99ccff冷却时间：|r65
|cff99ccff魔法消耗：|r100]==],[==[死灵法师使用黑暗仪式在深渊召唤数个亡灵。
|n|cff99ccff召唤亡灵数量：|r3-5个
|cff99ccff持续时间：|r55
|cff99ccff冷却时间：|r60
|cff99ccff魔法消耗：|r150]==],[==[死灵法师使用黑暗仪式在深渊召唤数个亡灵。
|n|cff99ccff召唤亡灵数量：|r4-6个
|cff99ccff持续时间：|r60
|cff99ccff冷却时间：|r55
|cff99ccff魔法消耗：|r200]==],[==[死灵法师使用黑暗仪式在深渊召唤数个亡灵。
|n|cff99ccff召唤亡灵数量：|r5-7个
|cff99ccff持续时间：|r65
|cff99ccff冷却时间：|r50
|cff99ccff魔法消耗：|r250]==],}",#,"{""召唤亡灵[|cffffcc00W|r] - [|cffffcc00等级 1|r]"",""召唤亡灵[|cffffcc00W|r] - [|cffffcc00等级 2|r]"",""召唤亡灵[|cffffcc00W|r] - [|cffffcc00等级 3|r]"",""召唤亡灵[|cffffcc00W|r] - [|cffffcc00等级 4|r]"",}","W",#,"{1,1,1,1,}",#,"{0,0,0,0,}","2","学习 召唤亡灵[|cffffcc00W|r] - [|cffffcc00等级 %d|r]","ReplaceableTextures\CommandButtons\BTNSkeletalOrc.blp",#,"死灵法师使用黑暗仪式在深渊召唤数个亡灵。
|cffffcc00等级 1|r - 召唤2-4个亡灵
|cffffcc00等级 2|r - 召唤3-5个亡灵
|cffffcc00等级 3|r - 召唤4-6个亡灵
|cffffcc00等级 4|r - 召唤5-7个亡灵
|n|cff99ccff持续时间：|r50/55/60/65
|cff99ccff冷却时间：|r65/60/55/50
|cff99ccff魔法消耗：|r100/150/200/250","ReplaceableTextures\CommandButtons\BTNSkeletalOrc.blp","死灵法师","W","{""ancestralspirittarget"",""ancestralspirittarget"",""ancestralspirittarget"",""ancestralspirittarget"",}","1",,,,,,,,,,"","","",
"A018","ANcl",,"4",,"{80,100,120,140,}",,,"{800.0,800.0,800.0,800.0,}",,"human","震撼大地",,,"{0.0,0.0,0.0,0.0,}","{13.0,13.0,13.0,13.0,}",,,"{0.0,0.0,0.0,0.0,}","0","{""半人马酋长快速冲向前方，巨斧猛砸大地，对附近敌人造成|cffff8000[100/200/300/400+力量×1.5]|r点伤害|n|cff99ccff作用范围：|r600|n|cff99ccff冷却时间：|r13|n|cff99ccff魔法消耗：|r80/100/120/140"",""半人马酋长快速冲向前方，巨斧猛砸大地，对附近敌人造成|cffff8000[100/200/300/400+力量×1.5]|r点伤害|n|cff99ccff作用范围：|r600|n|cff99ccff冷却时间：|r13|n|cff99ccff魔法消耗：|r80/100/120/140"",""半人马酋长快速冲向前方，巨斧猛砸大地，对附近敌人造成|cffff8000[100/200/300/400+力量×1.5]|r点伤害|n|cff99ccff作用范围：|r600|n|cff99ccff冷却时间：|r13|n|cff99ccff魔法消耗：|r80/100/120/140"",""半人马酋长快速冲向前方，巨斧猛砸大地，对附近敌人造成|cffff8000[100/200/300/400+力量×1.5]|r点伤害|n|cff99ccff作用范围：|r600|n|cff99ccff冷却时间：|r13|n|cff99ccff魔法消耗：|r80/100/120/140"",}",#,"{""震撼大地[|cffffcc00Q|r] - [|cffffcc00等级 1|r]"",""震撼大地[|cffffcc00Q|r] - [|cffffcc00等级 2|r]"",""震撼大地[|cffffcc00Q|r] - [|cffffcc00等级 3|r]"",""震撼大地[|cffffcc00Q|r] - [|cffffcc00等级 4|r]"",}","Q",#,"{3,3,3,3,}",#,,"2","学习 震撼大地[|cffffcc00Q|r] - [|cffffcc00等级 %d|r]","ReplaceableTextures\CommandButtons\BTNEarthquake.blp",#,"半人马酋长快速冲向前方，巨斧猛砸大地，对附近敌人造成范围伤害。|n|cffffcc00等级 1|r - 造成|cffff8000[100+力量×1.5]|r点伤害|n|cffffcc00等级 2|r - 造成|cffff8000[200+力量×1.5]|r点伤害|n|cffffcc00等级 3|r - 造成|cffff8000[300+力量×1.5]|r点伤害|n|cffffcc00等级 4|r - 造成|cffff8000[400+力量×1.5]|r点伤害|n|cff99ccff作用范围：|r600|n|cff99ccff冷却时间：|r13|n|cff99ccff魔法消耗：|r80/100/120/140","ReplaceableTextures\CommandButtons\BTNEarthquake.blp","半人马酋长","Q","{""ambush"",""ambush"",""ambush"",""ambush"",}",,,,"{2,2,2,2,}","{600.0,600.0,600.0,600.0,}",,,,,,"","","",
"A01T","AEer",0.0,"1",,"0",,"2",50000.0,,,"buff定身马甲",0.0,"ground,enemies,air,neutral",0.0,0.0,,"0",,,,,,,,,,,,,,,,,,,,,,,,,,,,,,"","","",
"A00H","ANcl",,"4",,"{125,145,165,185,}",,,"{800.0,800.0,800.0,800.0,}",,"human","山崩",,,"{0.0,0.0,0.0,0.0,}","{17.0,17.0,17.0,17.0,}",,,"{0.0,0.0,0.0,0.0,}","0","{""小小用岩石轰炸一片区域，对其中的敌方单位总共造成|cffff9900[100+力量×0.5]|r点伤害和1秒晕眩。|n|cff99ccff作用范围：|r500|n|cff99ccff冷却时间：|r17|n|cff99ccff魔法消耗：|r125"",""小小用岩石轰炸一片区域，对其中的敌方单位总共造成|cffff9900[200+力量×0.5]|r点伤害和1秒晕眩。|n|cff99ccff作用范围：|r500|n|cff99ccff冷却时间：|r17|n|cff99ccff魔法消耗：|r145"",""小小用岩石轰炸一片区域，对其中的敌方单位总共造成|cffff9900[300+力量×0.5]|r点伤害和1秒晕眩。|n|cff99ccff作用范围：|r500|n|cff99ccff冷却时间：|r17|n|cff99ccff魔法消耗：|r165"",""小小用岩石轰炸一片区域，对其中的敌方单位总共造成|cffff9900[400+力量×0.5]|r点伤害和1秒晕眩。|n|cff99ccff作用范围：|r500|n|cff99ccff冷却时间：|r17|n|cff99ccff魔法消耗：|r185"",}",#,"{""山崩[|cffffcc00Q|r] - [|cffffcc00等级 1|r]"",""山崩[|cffffcc00Q|r] - [|cffffcc00等级 2|r]"",""山崩[|cffffcc00Q|r] - [|cffffcc00等级 3|r]"",""山崩[|cffffcc00Q|r] - [|cffffcc00等级 4|r]"",}","Q",#,"{3,3,3,3,}",#,"{0,0,0,0,}","2","学习 山崩[|cffffcc00Q|r] - [|cffffcc00等级 %d|r]","ReplaceableTextures\CommandButtons\BTNGolemStormBolt.blp",#,"小小用岩石轰炸一片区域，对其中的敌方单位造成伤害和1秒晕眩。|n|cffffcc00等级 1|r - 总共造成|cffff9900[100+力量×0.5]|r点伤害|n|cffffcc00等级 2|r - 总共造成|cffff9900[200+力量×0.5]|r点伤害|n|cffffcc00等级 3|r - 总共造成|cffff9900[300+力量×0.5]|r点伤害|n|cffffcc00等级 4|r - 总共造成|cffff9900[400+力量×0.5]|r点伤害|n|cff99ccff作用范围：|r500|n|cff99ccff冷却时间：|r17|n|cff99ccff魔法消耗：|r125/145/165/185","ReplaceableTextures\CommandButtons\BTNGolemStormBolt.blp","小小","Q","{""animatedead"",""animatedead"",""animatedead"",""animatedead"",}",,,,"{2,2,2,2,}","{500.0,500.0,500.0,500.0,}",,,,,,"","","",
"A00V","Aoar",,,,,,,,,"nightelf","主宰等级3",,"ground,vulnerable,air,invulnerable,friend,organic",0.03,,,,,,,,,,,,,,,,,,,,,,,,,,,,,,,,,,,,
"A00X","Amgl",,,,,,,,,"orc","区分",,,,,,,,,"复仇天神巨大分身",,"复仇天神巨大分身",,,,,,,,"ReplaceableTextures\CommandButtons\youguiR.blp",,,,"复仇天神大招巨大分身",,,,#,,,,,,,,,,,,
"A00P","Aneu",,,,,,,,,,"1",,,1500.0,,,,"0",,,,,,,"0",,,,,,,,,,,,,,,"4",,"","","","","","","","",
"A01I","AId2",,,,,,,,,,"防御",,,0.0,,,,,,,,,,,,,,,,,,,,"属性系统",,,,,,,,,,,,,"","","",
"A019","Asid",,,,,,,,,,"1",,,,,,,,,,,,,,,,,,,,,,,,,,,,,,,,,,,,,,,
"A00M","ANcl",,,,"{200,275,350,}",,"6","{800.0,800.0,800.0,}",,"human","无敌斩",,"{""ground,enemies,air"",""ground,enemies,air"",""ground,enemies,air"",}","{0.0,0.0,0.0,}","{60.0,55.0,50.0,}",,,"{0.0,0.0,0.0,}","3","{""主宰快速地在战场上移动，随机攻击范围内的敌方单位，在使用无敌斩的时候你是无敌的。|n|cffff8800英雄攻击  普通伤害|r|n攻击8次，临时提高60点攻击力，每次造成|cff00ff00[攻击力+敏捷×1]|r点范围伤害|n|cff99ccff伤害间隔：|r0.5秒|n|cff99ccff伤害范围：|r300|n|cff99ccff冷却时间：|r60|n|cff99ccff魔法消耗：|r200"",""主宰快速地在战场上移动，随机攻击范围内的敌方单位，在使用无敌斩的时候你是无敌的。|n|cffff8800英雄攻击  普通伤害|r|n攻击10次，临时提高120点攻击力，每次造成|cff00ff00[攻击力+敏捷×1]|r点范围伤害|n|cff99ccff伤害间隔：|r0.5秒|n|cff99ccff伤害范围：|r300|n|cff99ccff冷却时间：|r55|n|cff99ccff魔法消耗：|r275"",""主宰快速地在战场上移动，随机攻击范围内的敌方单位，在使用无敌斩的时候你是无敌的。|n|cffff8800英雄攻击  普通伤害|r|n攻击12次，临时提高180点攻击力，每次造成|cff00ff00[攻击力+敏捷×1]|r点范围伤害|n|cff99ccff伤害间隔：|r0.5秒|n|cff99ccff伤害范围：|r300|n|cff99ccff冷却时间：|r50|n|cff99ccff魔法消耗：|r350"",}",#,"{""无敌斩[|cffffcc00R|r] - [|cffffcc00等级 1|r]"",""无敌斩[|cffffcc00R|r] - [|cffffcc00等级 2|r]"",""无敌斩[|cffffcc00R|r] - [|cffffcc00等级 3|r]"",}","R",#,"{5,5,5,}",#,"{0,0,0,}","2","学习 无敌斩[|cffffcc00R|r] - [|cffffcc00等级 %d|r]","ReplaceableTextures\CommandButtons\jianshengR.blp",#,"主宰快速地在战场上移动，随机攻击范围内的敌方单位，造成范围伤害，在使用无敌斩的时候你是无敌的。|n|cffff8800英雄攻击  普通伤害|r|n|cffffcc00等级 1|r - 攻击8次，临时提高60点攻击力，每次造成|cff00ff00[攻击力+敏捷×1]|r点范围伤害|n|cffffcc00等级 2|r - 攻击10次，临时提高120点攻击力，每次造成|cff00ff00[攻击力+敏捷×1]|r点范围伤害|n|cffffcc00等级 3|r - 攻击12次，临时提高180点攻击力，每次造成|cff00ff00[攻击力+敏捷×1]|r点范围伤害|n|cff99ccff伤害间隔：|r0.5秒|n|cff99ccff伤害范围：|r300|n|cff99ccff冷却时间：|r60/55/50|n|cff99ccff魔法消耗：|r200/275/350","ReplaceableTextures\CommandButtons\jianshengR.blp","主宰","R","{""ancestralspirittarget"",""ancestralspirittarget"",""ancestralspirittarget"",}","3",,,"{1,1,1,}",,,,"5",,,,,,
"A00U","Aoar",,,,,,,,,"nightelf","主宰等级2",,"ground,vulnerable,air,invulnerable,friend,organic",,,,,,,,,,,,,,,,,,,,,,,,,,,,,,,,,,"","","",
"A015","Amgl",,"3",,,,"6",,,"human","强壮躯体",,,,,,"1",,"3","{""增加半人马酋长|cffff990030/60/90|r点力量|n|cff99ccff被动：|r杀敌增加1/1.5/2点最大生命值"",""增加半人马酋长|cffff990030/60/90|r点力量|n|cff99ccff被动：|r杀敌增加1/1.5/2点最大生命值"",""增加半人马酋长|cffff990030/60/90|r点力量|n|cff99ccff被动：|r杀敌增加1/1.5/2点最大生命值"",}",,"{""强壮躯体[|cffffcc00R|r] - [|cffffcc00等级 1|r]"",""强壮躯体[|cffffcc00R|r] - [|cffffcc00等级 2|r]"",""强壮躯体[|cffffcc00R|r] - [|cffffcc00等级 3|r]"",}","R",,,,,,"学习 强壮躯体[|cffffcc00R|r] - [|cffffcc00等级 %d|r]","ReplaceableTextures\CommandButtons\BTNcentaur.blp",,"增加半人马酋长力量属性|n|cff99ccff被动：|r击杀敌人增加最大生命值。|n|cffffcc00等级 1|r - 增加|cffff990030|r点力量，杀敌增加1点最大生命值|n|cffffcc00等级 2|r - 增加|cffff990060|r点力量，杀敌增加1.5点最大生命值|n|cffffcc00等级 3|r - 增加|cffff990090|r点力量，杀敌增加2点最大生命值","ReplaceableTextures\CommandButtons\BTNcentaur.blp","半人马酋长","R",,"3",#,,,,,,"5",,,"","","",
"A00N","AOcr",,"4",,,,,,,"human","剑舞",,,"{15.0,20.0,25.0,30.0,}",,,,,,"{""主宰攻击时有15%的概率造成2倍伤害"",""主宰攻击时有20%的概率造成2倍伤害"",""主宰攻击时有25%的概率造成2倍伤害"",""主宰攻击时有30%的概率造成2倍伤害"",}",,"{""剑舞[|cffffcc00E|r] - [|cffffcc00等级 1|r]"",""剑舞[|cffffcc00E|r] - [|cffffcc00等级 2|r]"",""剑舞[|cffffcc00E|r] - [|cffffcc00等级 3|r]"",""剑舞[|cffffcc00E|r] - [|cffffcc00等级 4|r]"",}","E",,,,,,"学习 剑舞[|cffffcc00E|r] - [|cffffcc00等级 %d|r]","ReplaceableTextures\CommandButtons\jianshengE.blp",,"主宰攻击时有概率大幅提升攻击伤害。|n|cffffcc00等级 1|r - 15%的概率造成2倍伤害|n|cffffcc00等级 2|r - 20%的概率造成2倍伤害|n|cffffcc00等级 3|r - 25%的概率造成2倍伤害|n|cffffcc00等级 4|r - 30%的概率造成2倍伤害","ReplaceableTextures\CommandButtons\jianshengE.blp","主宰","E",,,,,"{2.0,2.0,2.0,2.0,}",,,,,,,"","","",
"A01B","AOre",,,,,,"1",,,"unknown","test",,,0.0,0.0,,"0",,,,,,,,,,,,,,,,,,,,,,,,,,,,0.0,,,,,
"A01K","AIba",,,,,,,,,,"魔法恢复（百分比）",,"self",0.0,,,,,,,,,,,,,,,,,,,,"属性系统",,,,,,"1",,,,,,,,,,
"A00E","Acor",,,"cenarionfury.mdx",,,,,,"unknown",,,,0.0,,,,,,,,,,,,,,,,,,,,,,,,#,,,,,,,,,"","","",
"A00I","ANcl",,"4",,"{125,145,165,185,}",,,"{1300.0,1300.0,1300.0,1300.0,}",,"human","投掷",,"{""notself,ground,air"",""notself,ground,air"",""notself,ground,air"",""notself,ground,air"",}","{0.0,0.0,0.0,0.0,}","{9.0,9.0,9.0,9.0,}","attack",,,"1","{""山岭巨人随机抓起275范围内的一个单位，将他投向一个目标。落地以后对附近的敌方单位造成|cffff9900[100+力量×2]|r点伤害，被投掷的单位如果是敌人，则额外受到40%伤害。|n|cff99ccff施法距离：|r1300|n|cff99ccff冷却时间：|r9|n|cff99ccff魔法消耗：|r125"",""山岭巨人随机抓起275范围内的一个单位，将他投向一个目标。落地以后对附近的敌方单位造成|cffff9900[200+力量×2]|r点伤害，被投掷的单位如果是敌人，则额外受到60%伤害。|n|cff99ccff施法距离：|r1300|n|cff99ccff冷却时间：|r9|n|cff99ccff魔法消耗：|r145"",""山岭巨人随机抓起275范围内的一个单位，将他投向一个目标。落地以后对附近的敌方单位造成|cffff9900[300+力量×2]|r点伤害，被投掷的单位如果是敌人，则额外受到80%伤害。|n|cff99ccff施法距离：|r1300|n|cff99ccff冷却时间：|r9|n|cff99ccff魔法消耗：|r165"",""山岭巨人随机抓起275范围内的一个单位，将他投向一个目标。落地以后对附近的敌方单位造成|cffff9900[400+力量×2]|r点伤害，被投掷的单位如果是敌人，则额外受到100%伤害。|n|cff99ccff施法距离：|r1300|n|cff99ccff冷却时间：|r9|n|cff99ccff魔法消耗：|r185"",}",#,"{""投掷[|cffffcc00W|r] - [|cffffcc00等级 1|r]"",""投掷[|cffffcc00W|r] - [|cffffcc00等级 2|r]"",""投掷[|cffffcc00W|r] - [|cffffcc00等级 3|r]"",""投掷[|cffffcc00W|r] - [|cffffcc00等级 4|r]"",}","W","Abilities\Spells\Human\FlakCannons\FlakTarget.mdl","{3,3,3,3,}",#,"{0,0,0,0,}","2","学习 投掷[|cffffcc00Q|r] - [|cffffcc00等级 %d|r]","ReplaceableTextures\CommandButtons\xiaoxiaoW.blp",#,"山岭巨人随机抓起275范围内的一个单位，将他投向一个目标。落地以后对附近的敌方单位造成伤害，被投掷的单位如果是敌人，则额外受到40%/60%/80%/100%的伤害|n|cffffcc00等级 1|r - 造成|cffff9900[100+力量×2]|r点伤害|n|cffffcc00等级 2|r - 造成|cffff9900[200+力量×2]|r点伤害|n|cffffcc00等级 3|r - 造成|cffff9900[300+力量×2]|r点伤害|n|cffffcc00等级 4|r - 造成|cffff9900[400+力量×2]|r点伤害|n|cff99ccff施法距离：|r1300|n|cff99ccff冷却时间：|r9|n|cff99ccff魔法消耗：|r125/145/165/185|n","ReplaceableTextures\CommandButtons\xiaoxiaoW.blp","小小","W","{""antimagicshell"",""antimagicshell"",""antimagicshell"",""antimagicshell"",}","1",,,"{1,1,1,1,}","{500.0,500.0,500.0,500.0,}",,,,,,"","","",
"A01G","AItg",,,,,,,,,,"攻击力",,,"0",,,,,,,,,,,,,,,,,,,,"属性系统",,,,,,,,,,,,,"","","",
"A01R","ANcl",,"1",,,,,50000.0,,,"buff变形",,,0.0,,,"0",0.0,"0","buff变形",#,"buff变形",,#,"3",#,"0","2",,"ReplaceableTextures\CommandButtons\BTNHex.blp",#,,"ReplaceableTextures\PassiveButtons\PASBTNFireRocks.blp","Test",#,"blink",,,,"2",500.0,,,,,,"","","",
"A016","AHad","{0.0,0.0,0.0,0.0,}","4",,,"{""B003"",""B003"",""B003"",""B003"",}",,,,,"反击","{0.0,0.0,0.0,0.0,}","{""self"",""self"",""self"",""self"",}","{0.0,0.0,0.0,0.0,}",,,,,,"{""半人马酋长能迅速回敬任何攻击他的敌人。|n|cffff8000英雄攻击 普通伤害|r|n被攻击时有15%/20%/25%/30%的概率对攻击者造成|cffff800025/50/75/100+自身最大生命值0.5/1/1.5/2%|r点伤害"",""半人马酋长能迅速回敬任何攻击他的敌人。|n|cffff8000英雄攻击 普通伤害|r|n被攻击时有15%/20%/25%/30%的概率对攻击者造成|cffff800025/50/75/100+自身最大生命值0.5/1/1.5/2%|r点伤害"",""半人马酋长能迅速回敬任何攻击他的敌人。|n|cffff8000英雄攻击 普通伤害|r|n被攻击时有15%/20%/25%/30%的概率对攻击者造成|cffff800025/50/75/100+自身最大生命值0.5/1/1.5/2%|r点伤害"",""半人马酋长能迅速回敬任何攻击他的敌人。|n|cffff8000英雄攻击 普通伤害|r|n被攻击时有15%/20%/25%/30%的概率对攻击者造成|cffff800025/50/75/100+自身最大生命值0.5/1/1.5/2%|r点伤害"",}",,"{""反击[|cffffcc00E|r] - [|cffffcc00等级 1|r]"",""反击[|cffffcc00E|r] - [|cffffcc00等级 2|r]"",""反击[|cffffcc00E|r] - [|cffffcc00等级 3|r]"",""反击[|cffffcc00E|r] - [|cffffcc00等级 4|r]"",}","E",,,#,,,"学习 反击[|cffffcc00E|r] - [|cffffcc00等级 %d|r]","ReplaceableTextures\PassiveButtons\PASBTNThorns.blp",,"半人马酋长能迅速回敬任何攻击他的敌人。|n|cffff8000英雄攻击 普通伤害|r|n|cffffcc00等级 1|r - 被攻击时有15%的概率对攻击者造成|cffff800025+自身最大生命值0.5%|r点伤害|n|cffffcc00等级 2|r - 被攻击时有20%的概率对攻击者造成|cffff800050+自身最大生命值1%|r点伤害|n|cffffcc00等级 3|r - 被攻击时有25%的概率对攻击者造成|cffff800075+自身最大生命值1.5%|r点伤害|n|cffffcc00等级 4|r - 被攻击时有30%的概率对攻击者造成|cffff8000100+自身最大生命值2%|r点伤害","ReplaceableTextures\PassiveButtons\PASBTNThorns.blp","半人马酋长","E",,,,,,"{0.0,0.0,0.0,0.0,}",,,,,,#,"","",
"A01S","ANcl",,"1",,,,,50000.0,,,"buff定身",,,0.0,,,"0",0.0,"0","buff定身",#,"buff定身",,#,"3",#,"0","2",,"ReplaceableTextures\CommandButtons\BTNEntanglingRoots.blp",#,,"ReplaceableTextures\PassiveButtons\PASBTNFireRocks.blp","Test",#,"blizzard",,,,"2",500.0,,,,,,"","","",
"A014","Afod",,,,,,,10000.0,,"human","马甲，旋涡技能特效",,"notself,ground,air,ward",,0.0,,,,,,,,,,0.0,#,,,,,,,,"复仇天神",,,,,,2.0,,,,,,"DRAM","","","",
"A001","Aion",,,,,,,,,,#,,,"6",,,,,,,,,,,,,,,,,,,,,,,,#,,"0",,,,,,,"","","",
"A010","ANcl",,"4",,"{125,150,175,200,}",,,"{800.0,800.0,800.0,800.0,}",,"human","黑洞",,,"{0.0,0.0,0.0,0.0,}","{30.0,28.0,26.0,24.0,}",,,"{0.0,0.0,0.0,0.0,}","0","{""复仇天神召唤黑洞，牵引附近的敌人，2秒后造成范围伤害并击退敌人。|n造成|cffff00ff[100/200/300/400+全属性×1]/|r点伤害|n|cff99ccff牵引范围：|r800|n|cff99ccff伤害范围：|r500|n|cff99ccff冷却时间：|r30/28/26/24|n|cff99ccff魔法消耗：|r125/150/175/200"",""复仇天神召唤黑洞，牵引附近的敌人，2秒后造成范围伤害并击退敌人。|n造成|cffff00ff[100/200/300/400+全属性×1]/|r点伤害|n|cff99ccff牵引范围：|r800|n|cff99ccff伤害范围：|r500|n|cff99ccff冷却时间：|r30/28/26/24|n|cff99ccff魔法消耗：|r125/150/175/200"",""复仇天神召唤黑洞，牵引附近的敌人，2秒后造成范围伤害并击退敌人。|n造成|cffff00ff[100/200/300/400+全属性×1]/|r点伤害|n|cff99ccff牵引范围：|r800|n|cff99ccff伤害范围：|r500|n|cff99ccff冷却时间：|r30/28/26/24|n|cff99ccff魔法消耗：|r125/150/175/200"",""复仇天神召唤黑洞，牵引附近的敌人，2秒后造成范围伤害并击退敌人。|n造成|cffff00ff[100/200/300/400+全属性×1]/|r点伤害|n|cff99ccff牵引范围：|r800|n|cff99ccff伤害范围：|r500|n|cff99ccff冷却时间：|r30/28/26/24|n|cff99ccff魔法消耗：|r125/150/175/200"",}",#,"{""黑洞[|cffffcc00Q|r] - [|cffffcc00等级 1|r]"",""黑洞[|cffffcc00Q|r] - [|cffffcc00等级 2|r]"",""黑洞[|cffffcc00Q|r] - [|cffffcc00等级 3|r]"",""黑洞[|cffffcc00Q|r] - [|cffffcc00等级 4|r]"",}","Q",#,"{3,3,3,3,}",#,"{0,0,0,0,}","2","学习 黑洞[|cffffcc00Q|r] - [|cffffcc00等级 %d|r]","ReplaceableTextures\CommandButtons\youguiQ.blp",#,"复仇天神召唤黑洞，牵引附近的敌人，2秒后造成范围伤害并击退敌人。|n|cffffcc00等级 1|r - 造成|cffff00ff[100+全属性×1]|r点伤害|n|cffffcc00等级 2|r - 造成|cffff00ff[200+全属性×1]|r点伤害|n|cffffcc00等级 3|r - 造成|cffff00ff[300+全属性×1]|r点伤害|n|cffffcc00等级 4|r - 造成|cffff00ff[400+全属性×1]|r点伤害|n|cff99ccff牵引范围：|r800|n|cff99ccff伤害范围：|r500|n|cff99ccff冷却时间：|r30/28/26/24|n|cff99ccff魔法消耗：|r125/150/175/200","ReplaceableTextures\CommandButtons\youguiQ.blp","复仇天神","Q","{""ancestralspirit"",""ancestralspirit"",""ancestralspirit"",""ancestralspirit"",}",,,,"{2,2,2,2,}","{800.0,800.0,800.0,800.0,}",,,,,,,,,
"A00O","ANcl",,,,"{100,200,300,}",,"6","{800.0,800.0,800.0,}",,"human","鬼影重重",,,"{0.0,0.0,0.0,}","{60.0,60.0,60.0,}",,,"{0.0,0.0,0.0,}","3","{""复仇天神召唤3个具有特殊能力的巨大分身，分身不能移动，免疫所有伤害。|n|cffff9900红色特效分身|r拥有刀扇技能，每3秒对作用范围内的敌人造成|cff00ff00[100/200/300+力量×1]|r点伤害|n|cffff9900绿色特效分身|r拥有群体毒镖技能，每3秒对作用范围内的敌人发出毒镖，初始造成|cff00ff00[75/150/225+敏捷×1]|r点伤害，以及少量持续伤害，攻速移速减少20%，持续3秒|n|cffff9900紫色特效分身|r拥有群体消魔技能，每3秒对作用范围内的敌人造成|cff00ff00[100/200/300+智力×1]|r点伤害|n|cff99ccff作用范围：|r800|n|cff99ccff持续时间：|r6/8/10|n|cff99ccff冷却时间：|r60|n|cff99ccff魔法消耗：|r100/200/300"",""复仇天神召唤3个具有特殊能力的巨大分身，分身不能移动，免疫所有伤害。|n|cffff9900红色特效分身|r拥有刀扇技能，每3秒对作用范围内的敌人造成|cff00ff00[100/200/300+力量×1]|r点伤害|n|cffff9900绿色特效分身|r拥有群体毒镖技能，每3秒对作用范围内的敌人发出毒镖，初始造成|cff00ff00[75/150/225+敏捷×1]|r点伤害，以及少量持续伤害，攻速移速减少20%，持续3秒|n|cffff9900紫色特效分身|r拥有群体消魔技能，每3秒对作用范围内的敌人造成|cff00ff00[100/200/300+智力×1]|r点伤害|n|cff99ccff作用范围：|r800|n|cff99ccff持续时间：|r6/8/10|n|cff99ccff冷却时间：|r60|n|cff99ccff魔法消耗：|r100/200/300"",""复仇天神召唤3个具有特殊能力的巨大分身，分身不能移动，免疫所有伤害。|n|cffff9900红色特效分身|r拥有刀扇技能，每3秒对作用范围内的敌人造成|cff00ff00[100/200/300+力量×1]|r点伤害|n|cffff9900绿色特效分身|r拥有群体毒镖技能，每3秒对作用范围内的敌人发出毒镖，初始造成|cff00ff00[75/150/225+敏捷×1]|r点伤害，以及少量持续伤害，攻速移速减少20%，持续3秒|n|cffff9900紫色特效分身|r拥有群体消魔技能，每3秒对作用范围内的敌人造成|cff00ff00[100/200/300+智力×1]|r点伤害|n|cff99ccff作用范围：|r800|n|cff99ccff持续时间：|r6/8/10|n|cff99ccff冷却时间：|r60|n|cff99ccff魔法消耗：|r100/200/300"",}",#,"{""鬼影重重[|cffffcc00R|r] - [|cffffcc00等级 1|r]"",""鬼影重重[|cffffcc00R|r] - [|cffffcc00等级 2|r]"",""鬼影重重[|cffffcc00R|r] - [|cffffcc00等级 3|r]"",}","R",#,"{3,3,3,}",#,"{0,0,0,}","2","学习 鬼影重重[|cffffcc00R|r] - [|cffffcc00等级 %d|r]","ReplaceableTextures\CommandButtons\youguiR.blp",#,"复仇天神召唤3个具有特殊能力的巨大分身，分身不能移动，免疫所有伤害。|n|cffff9900红色特效分身|r拥有刀扇技能，每3秒对作用范围内的敌人造成|cff00ff00[100/200/300+力量×1]|r点伤害|n|cffff9900绿色特效分身|r拥有群体毒镖技能，每3秒对作用范围内的敌人发出毒镖，初始造成|cff00ff00[75/150/225+敏捷×1]|r点伤害，以及少量持续伤害，攻速移速减少20%，持续3秒|n|cffff9900紫色特效分身|r拥有群体消魔技能，每3秒对作用范围内的敌人造成|cff00ff00[100/200/300+智力×1]|r点伤害|n|cff99ccff作用范围：|r800|n|cff99ccff持续时间：|r6/8/10|n|cff99ccff冷却时间：|r60|n|cff99ccff魔法消耗：|r100/200/300","ReplaceableTextures\CommandButtons\youguiR.blp","复仇天神","R","{""animatedead"",""animatedead"",""animatedead"",}","3",,,"{2,2,2,}","{800.0,800.0,800.0,}",,,"5","","","","","",
"A003","Amgl",,,,,,,,,"orc","区分",,,,,,,,"0","小怪",,"小怪",,,,,,-11,,"ReplaceableTextures\CommandButtons\BTNDalaranMutant.blp",,,,"小怪",,,,#,,,,,,,,,"","","",
"A00G","Amgl",,,,,,,,,"orc","区分",,,,,,,,,#,,"死灵法师召唤单位",,,,,,,,"ReplaceableTextures\CommandButtons\BTNSkeletalOrc.blp",,,,"死灵法师召唤单位",,,,#,,,,,,,,,,,,
"A01C","ANcl",,"1",,,,,50000.0,,,"buff灼烧",,,0.0,,,"0",0.0,"0","buff灼烧",#,"buff灼烧",,#,"3",#,"0","2",,"ReplaceableTextures\PassiveButtons\PASBTNFireRocks.blp",#,,"ReplaceableTextures\PassiveButtons\PASBTNFireRocks.blp","Test",#,"blackarrowon",,,,"2",500.0,,,,,,"","","",
"A01A","Aret",,,,,,,,,,"1",,,,,,,,,,,,,#,,,,,,,,,,,,,,,,,,,,,,,"","","",
"A01P","AOhx",10.0,"1",,"0",,"2",50000.0,,"nightelf","buff变形马甲",10.0,"ground,enemies,air,neutral",,0.0,,"0",,,,,,,,,,,,,,,,,,,,,,,,,,,"","","","","","",
"AIba","AIba",,,,,,,,,,,,"self",,,,,,,,,,,,,,,,,,,,,,,,,,,,,"","","","","","","","",
"A01J","AIsx",,,,,,,,,,"百分比攻速",,,0.0,,,,,,,,,,,,,,,,,,,,"属性系统",,,,,,,,,,,,,,,,
"A000","ANcl",,"1",,,,,800.0,,"unknown",,,,0.0,,,,0.0,,,#,,,#,"1",#,"0",,,,#,,,,,"absorb",,,,,,,,,,,"","","",
